Cluster,CustomerID,Gender,Age,Annual Income (k$),Spending Score (1-100)
0,13.5,1.0,55.0,20.25,14.75
1,10.571428571428571,0.0,27.428571428571427,18.857142857142858,84.71428571428571
2,9.0,0.0,35.8,18.4,20.4
3,1.5,1.0,20.0,15.0,60.0
4,17.0,1.0,21.0,20.5,72.5
